{"Train/lane_dist_loss": 0.10116756110801362, "Train/route_angle_loss": 0.06401824945711213, "Train/tl_dist_loss": 20.989727837964892, "Train/tl_state_loss": 0.6618973016738892, "Train/total_loss": 21.81681095020391, "global_step": 2131, "_timestamp": 1681851724.4656682, "_runtime": 16482.31691813469, "_step": 2368, "Val/lane_dist_loss": 0.2809764393605292, "Val/route_angle_loss": 0.034961028533352714, "Val/tl_dist_loss": 23.540681093931198, "Val/tl_state_loss": 0.6883003115653992, "Val/totall_loss": 24.54491887339048, "step": 1755, "_wandb": {"runtime": 16485}}