{"Train/lane_dist_loss": 0.16410918967449106, "Train/route_angle_loss": 0.1184017115030483, "Train/tl_dist_loss": 18.919258618727326, "Train/tl_state_loss": 0.6276454329490662, "Train/total_loss": 19.82941495285393, "global_step": 2440, "_timestamp": 1681851502.3708944, "_runtime": 17190.79631447792, "_step": 2756, "Val/lane_dist_loss": 0.15915024280548096, "Val/route_angle_loss": 0.04161798606513089, "Val/tl_dist_loss": 23.515736311674118, "Val/tl_state_loss": 0.695622444152832, "Val/totall_loss": 24.41212698469756, "step": 2340, "_wandb": {"runtime": 17191}}