{"Train/lane_dist_loss": 0.1623197533772327, "Train/route_angle_loss": 0.018670244270770166, "Train/tl_dist_loss": 21.37710713595152, "Train/tl_state_loss": 0.6852733492851257, "Train/total_loss": 22.243370482884647, "global_step": 1553, "_timestamp": 1681834285.0767267, "_runtime": 2624.296939611435, "_step": 1553, "Val/lane_dist_loss": 0.24484871607273817, "Val/route_angle_loss": 0.0319149072922582, "Val/tl_dist_loss": 23.214658707380295, "Val/tl_state_loss": 0.7015742063522339, "Val/totall_loss": 24.192996537097525, "step": 1327, "_wandb": {"runtime": 2623}}