{"Train/Speed_loss": 5.62639045715332, "Train/throttle_loss": 0.07065315544605255, "Train/brake_loss": 0.0036607214715331793, "Train/steer_loss": 0.04028341546654701, "Train/total_loss": 5.740987300872803, "step": 4684, "_timestamp": 1681838208.8212602, "_runtime": 3957.048552274704, "_step": 5264, "val/Speed_loss": 5.949666582250501, "val/throttle_loss": 0.06519091218594478, "val/brake_loss": 0.009341584616997155, "val/steer_loss": 0.03532607427181858, "val/total_loss": 6.059525153325262, "_wandb": {"runtime": 3956}}