{"Train/Speed_loss": 5.114073753356934, "Train/throttle_loss": 0.03531087934970856, "Train/brake_loss": 0.0032550108153373003, "Train/steer_loss": 0.023684877902269363, "Train/total_loss": 5.176324367523193, "step": 70260, "_timestamp": 1681900512.7575808, "_runtime": 62279.42432284355, "_step": 79679, "val/Speed_loss": 5.805101810707164, "val/throttle_loss": 0.001747400869252694, "val/brake_loss": 0.0003675674202626017, "val/steer_loss": 0.002441490078561164, "val/total_loss": 5.80965826907524, "_wandb": {"runtime": 62279}}