{"Train/Speed_loss": 1.5669711828231812, "Train/throttle_loss": 0.21622571349143982, "Train/brake_loss": 0.038412608206272125, "Train/steer_loss": 0.07672840356826782, "Train/total_loss": 1.8983378410339355, "_timestamp": 1681915222.9773288, "_runtime": 64361.48674368858, "_step": 35100, "val/Speed_loss": 2.137691541537962, "val/throttle_loss": 0.12061098159756511, "val/brake_loss": 0.018314459049325604, "val/steer_loss": 0.028891625014239253, "val/total_loss": 2.3055086071990916, "_wandb": {"runtime": 64361}}