{"Train/lane_dist": 0.15360220751608722, "Train/route_angle": 0.02571213887097134, "Train/tl_dist": 20.3240427672863, "Train/tl_state": 0.6439221501350403, "Train/totall_loss": 21.1472792638084, "_timestamp": 1681831634.6535869, "_runtime": 13056.14300084114, "_step": 5734, "Val/lane_dist": 0.34145574178546667, "Val/route_angle": 0.033182966540362895, "Val/tl_dist": 23.46211239695549, "Val/tl_state": 0.7639057636260986, "Val/totall_loss": 24.600656868907418, "_wandb": {"runtime": 13054}}