{"Train/lane_dist": 0.2401108022313565, "Train/route_angle": 0.09512261869265498, "Train/tl_dist": 17.887713216245174, "Train/tl_state": 0.6434637904167175, "Train/totall_loss": 18.866410427585905, "_timestamp": 1681818550.1601331, "_runtime": 1031.7287142276764, "_step": 37, "Val/lane_dist": 0.22982906748075038, "Val/route_angle": 0.06547781743077222, "Val/tl_dist": 25.94458582997322, "Val/tl_state": 0.7321412563323975, "Val/totall_loss": 26.97203397121714, "_wandb": {"runtime": 1030}}