{"Train/Speed_loss": 4.239104270935059, "Train/throttle_loss": 0.08145320415496826, "Train/brake_loss": 0.007497833110392094, "Train/steer_loss": 0.013681266456842422, "Train/total_loss": 4.341736793518066, "step": 2983, "_timestamp": 1681834218.7195039, "_runtime": 2250.6358177661896, "_step": 2983, "val/Speed_loss": 5.5720088091382305, "val/throttle_loss": 0.04236873236330718, "val/brake_loss": 0.0033942104979151717, "val/steer_loss": 0.00262316698214408, "val/total_loss": 5.620394918981598, "_wandb": {"runtime": 2250}}