{"Train/lane_dist_loss": 0.1534723603836028, "Train/route_angle_loss": 0.04281435435118511, "Train/tl_dist_loss": 21.5938153648749, "Train/tl_state_loss": 0.6486033201217651, "Train/total_loss": 22.438705399731454, "step": 11680, "_timestamp": 1681965766.5984132, "_runtime": 75981.35267424583, "_step": 13279, "Val/lane_dist_loss": 0.2066191011108458, "Val/route_angle_loss": 0.05033286036580633, "Val/tl_dist_loss": 23.373856514692307, "Val/tl_state_loss": 0.6949594020843506, "Val/totall_loss": 24.32576787825331, "_wandb": {"runtime": 75977}}