{"Train/lane_dist_loss": 0.1470107593049761, "Train/route_angle_loss": 0.029380719261253088, "Train/tl_dist_loss": 20.752490304410458, "Train/tl_state_loss": 0.6686946153640747, "Train/total_loss": 21.597576398340763, "step": 11700, "_timestamp": 1681874347.1667936, "_runtime": 22814.496215581894, "_step": 13279, "Val/lane_dist_loss": 0.14899606443941593, "Val/route_angle_loss": 0.05080748237326573, "Val/tl_dist_loss": 23.50964042544365, "Val/tl_state_loss": 0.7120773196220398, "Val/totall_loss": 24.42152129187837, "_wandb": {"runtime": 22814}}